-- ============================================================
-- SQL 10: 우유펫(WOOYOOPET) 테스트 데이터 삽입
-- ============================================================
-- 실행 방법: Supabase SQL Editor에 전체 복사하여 실행
-- 기준: 00_schema_query.sql 결과 기반 (2026-03-26 확인)
-- ============================================================

-- ============================================================
-- STEP 0: 기존 데이터 정리 (의존성 역순)
-- ============================================================
DO $$
BEGIN
  DELETE FROM setting_change_logs;
  DELETE FROM kindergarten_status_logs;
  DELETE FROM settlement_info_logs;
  DELETE FROM reservation_status_logs;
  DELETE FROM member_status_logs;
  DELETE FROM report_logs;
  DELETE FROM member_blocks;
  DELETE FROM noshow_records;
  DELETE FROM audit_logs;
  DELETE FROM feedbacks;
  DELETE FROM member_term_agreements;
  DELETE FROM term_versions;
  DELETE FROM terms;
  DELETE FROM faqs;
  DELETE FROM notices;
  DELETE FROM banners;
  DELETE FROM pledge_items;
  DELETE FROM pledges;
  DELETE FROM checklist_items;
  DELETE FROM checklists;
  DELETE FROM education_completions;
  DELETE FROM education_quizzes;
  DELETE FROM education_topics;
  DELETE FROM kindergarten_reviews;
  DELETE FROM guardian_reviews;
  DELETE FROM chat_room_reservations;
  DELETE FROM chat_messages;
  DELETE FROM chat_rooms;
  DELETE FROM settlements;
  DELETE FROM refunds;
  DELETE FROM payments;
  DELETE FROM reservations;
  DELETE FROM kindergarten_resident_pets;
  DELETE FROM pets;
  DELETE FROM settlement_infos;
  DELETE FROM kindergartens;
  DELETE FROM admin_login_logs;
  DELETE FROM admin_accounts;
  DELETE FROM members;
  RAISE NOTICE '기존 테스트 데이터 정리 완료';
END $$;

-- ============================================================
-- STEP 1: 회원 — members
-- ============================================================
-- id: uuid, name, nickname, nickname_tag, profile_image, birth_date(date),
-- gender('남성'/'여성'), carrier, phone, current_mode('보호자'/'유치원'),
-- status('정상'/'이용정지'/'탈퇴'), suspend_reason, suspend_start, suspend_end,
-- withdrawn_at, withdraw_reason, identity_verified(bool), identity_method,
-- identity_verified_at, identity_carrier, address_road, address_complex,
-- address_building_dong, address_building_ho, address_auth_status('미인증'/'심사중'/'인증완료'),
-- address_auth_date, address_doc_urls(text[]), noshow_count(int), 
-- noshow_sanction('제재없음'/'7일 예약제한'/'1개월 예약제한'/'영구 정지(탈퇴)'),
-- noshow_sanction_end, created_at, updated_at

INSERT INTO members (id, name, nickname, nickname_tag, profile_image, birth_date, gender, carrier, phone, current_mode, status, suspend_reason, suspend_start, suspend_end, withdrawn_at, withdraw_reason, identity_verified, identity_method, identity_verified_at, identity_carrier, address_road, address_complex, address_building_dong, address_building_ho, address_auth_status, address_auth_date, noshow_count, noshow_sanction, noshow_sanction_end, created_at) VALUES
-- 보호자 5명
('d0d0d0d0-0001-4000-a000-000000000001', '김민준', '강아지사랑꾼', '#1001', NULL, '1990-05-12', '남성', 'SKT', '01012345678', '보호자', '정상', NULL, NULL, NULL, NULL, NULL, true, '휴대폰 본인인증', '2026-01-15 10:00:00+09', 'SKT', '서울특별시 강남구 테헤란로 123', '래미안레이크팰리스', '101동', '1201호', '인증완료', '2026-01-20 14:00:00+09', 0, '제재없음', NULL, '2026-01-15 09:30:00+09'),
('d0d0d0d0-0002-4000-a000-000000000002', '이서연', '뽀삐맘', '#2002', NULL, '1988-11-23', '여성', 'KT', '01023456789', '보호자', '정상', NULL, NULL, NULL, NULL, NULL, true, '휴대폰 본인인증', '2026-01-16 11:00:00+09', 'KT', '서울특별시 송파구 올림픽로 456', '잠실엘스', '203동', '805호', '인증완료', '2026-01-22 15:00:00+09', 1, '7일 예약제한', '2026-03-30 00:00:00+09', '2026-01-16 10:00:00+09'),
('d0d0d0d0-0003-4000-a000-000000000003', '박준혁', '초코아빠', '#3003', NULL, '1992-03-08', '남성', 'LGU+', '01034567890', '보호자', '정상', NULL, NULL, NULL, NULL, NULL, true, '휴대폰 본인인증', '2026-02-01 09:00:00+09', 'LGU+', '서울특별시 마포구 월드컵북로 789', '래미안마포리버웰', '305동', '1502호', '인증완료', '2026-02-05 16:00:00+09', 0, '제재없음', NULL, '2026-02-01 08:30:00+09'),
('d0d0d0d0-0004-4000-a000-000000000004', '최수아', '몽이엄마', '#4004', NULL, '1995-07-19', '여성', 'SKT', '01045678901', '보호자', '이용정지', '부적절한 행동 반복', '2026-03-20 14:00:00+09', '2026-04-20 14:00:00+09', NULL, NULL, true, '휴대폰 본인인증', '2026-02-10 13:00:00+09', 'SKT', '서울특별시 강동구 천호대로 321', '고덕그라시움', '407동', '903호', '인증완료', '2026-02-15 11:00:00+09', 0, '제재없음', NULL, '2026-02-10 12:00:00+09'),
('d0d0d0d0-0005-4000-a000-000000000005', '정태영', '댕댕파파', '#5005', NULL, '1985-12-30', '남성', 'KT', '01056789012', '보호자', '탈퇴', NULL, NULL, NULL, '2026-03-20 00:00:00+09', '다른 서비스 이용', true, '휴대폰 본인인증', '2026-01-20 10:00:00+09', 'KT', '서울특별시 서초구 반포대로 654', '반포자이', '502동', '2101호', '심사중', NULL, 0, '제재없음', NULL, '2026-01-20 09:00:00+09'),
-- 유치원 운영자 3명
('d0d0d0d0-0006-4000-a000-000000000006', '한지원', '밤톨이네원장', '#6006', NULL, '1983-04-15', '여성', 'SKT', '01067890123', '유치원', '정상', NULL, NULL, NULL, NULL, NULL, true, '휴대폰 본인인증', '2026-01-10 09:00:00+09', 'SKT', '서울특별시 강남구 논현로 100', '래미안레이크팰리스', '102동', '301호', '인증완료', '2026-01-12 10:00:00+09', 0, '제재없음', NULL, '2026-01-10 08:00:00+09'),
('d0d0d0d0-0007-4000-a000-000000000007', '오승현', '해피독원장', '#7007', NULL, '1979-09-22', '남성', 'LGU+', '01078901234', '유치원', '정상', NULL, NULL, NULL, NULL, NULL, true, '휴대폰 본인인증', '2026-01-12 10:00:00+09', 'LGU+', '서울특별시 송파구 백제고분로 200', '잠실엘스', '205동', '1001호', '인증완료', '2026-01-14 11:00:00+09', 0, '제재없음', NULL, '2026-01-12 09:00:00+09'),
('d0d0d0d0-0008-4000-a000-000000000008', '윤미래', '꼬미네원장', '#8008', NULL, '1991-06-05', '여성', 'KT', '01089012345', '유치원', '정상', NULL, NULL, NULL, NULL, NULL, true, '휴대폰 본인인증', '2026-02-05 14:00:00+09', 'KT', '서울특별시 마포구 성암로 300', '래미안마포리버웰', '307동', '501호', '인증완료', '2026-02-07 15:00:00+09', 0, '제재없음', NULL, '2026-02-05 13:00:00+09');

-- ============================================================
-- STEP 2: 관리자 계정 — admin_accounts
-- ============================================================
-- id: uuid, admin_login_id, password_hash, auth_user_id, name, phone, email,
-- role('최고관리자'/'일반관리자'/'조회전용'), status('활성'/'비활성'),
-- perm_members~perm_settings ('조회만'/'조회+수정'/'접근불가'),
-- last_login_at, created_at, updated_at

INSERT INTO admin_accounts (id, admin_login_id, password_hash, name, phone, email, role, status, perm_members, perm_kindergartens, perm_pets, perm_reservations, perm_payments, perm_settlements, perm_chats, perm_reviews, perm_educations, perm_contents, perm_settings, last_login_at, created_at) VALUES
('a0a0a0a0-0001-4000-a000-000000000001', 'superadmin', '$2b$10$abcdefghijklmnopqrstuuABCDEFGHIJKLMNOPQRSTUVWXYZ012', '최고관리자', '01011112222', 'admin@wooyoopet.com', '최고관리자', '활성', '조회+수정', '조회+수정', '조회+수정', '조회+수정', '조회+수정', '조회+수정', '조회+수정', '조회+수정', '조회+수정', '조회+수정', '조회+수정', '2026-03-25 09:00:00+09', '2026-01-01 00:00:00+09'),
('a0a0a0a0-0002-4000-a000-000000000002', 'manager01', '$2b$10$abcdefghijklmnopqrstuuABCDEFGHIJKLMNOPQRSTUVWXYZ012', '김운영', '01033334444', 'manager@wooyoopet.com', '일반관리자', '활성', '조회+수정', '조회+수정', '조회만', '조회+수정', '조회만', '조회만', '조회+수정', '조회+수정', '조회만', '조회+수정', '접근불가', '2026-03-24 14:00:00+09', '2026-01-05 09:00:00+09'),
('a0a0a0a0-0003-4000-a000-000000000003', 'viewer01', '$2b$10$abcdefghijklmnopqrstuuABCDEFGHIJKLMNOPQRSTUVWXYZ012', '박조회', '01055556666', 'viewer@wooyoopet.com', '조회전용', '비활성', '조회만', '조회만', '조회만', '조회만', '조회만', '조회만', '조회만', '조회만', '조회만', '조회만', '조회만', NULL, '2026-02-01 09:00:00+09');

-- ============================================================
-- STEP 3: 유치원 — kindergartens
-- ============================================================
-- id: uuid, member_id(FK→members), name, description, photo_urls(text[]),
-- business_status('영업중'/'방학중'), address_road, address_jibun, address_complex,
-- address_building_dong, address_building_ho, address_auth_status('미인증'/'심사중'/'인증완료'),
-- address_auth_date, address_doc_urls(text[]), freshness_current(numeric), freshness_initial(numeric),
-- price_small_1h~price_large_pickup (12 int cols),
-- settlement_status('작성중'/'제출됨'/'승인'/'거절'), inicis_status('미등록'/'등록요청중'/'등록완료'/'등록실패'),
-- inicis_submall_code, seller_id, noshow_count(int),
-- noshow_sanction('제재없음'/'경고(신선도하락)'/'영구 정지(파트너 자격 박탈)'),
-- created_at, updated_at

INSERT INTO kindergartens (id, member_id, name, description, photo_urls, business_status, address_road, address_jibun, address_complex, address_building_dong, address_building_ho, address_auth_status, address_auth_date, freshness_current, freshness_initial, price_small_1h, price_small_24h, price_small_walk, price_small_pickup, price_medium_1h, price_medium_24h, price_medium_walk, price_medium_pickup, price_large_1h, price_large_24h, price_large_walk, price_large_pickup, settlement_status, inicis_status, inicis_submall_code, seller_id, noshow_count, noshow_sanction, created_at) VALUES
('b0b0b0b0-0001-4000-a000-000000000001', 'd0d0d0d0-0006-4000-a000-000000000006', '밤톨이네', '따뜻하고 안전한 우리 아이들의 둥지! 10년 경력의 전문 돌보미가 사랑으로 돌봐드립니다.', '{}', '영업중', '서울특별시 강남구 논현로 100', '서울특별시 강남구 논현동 100-1', '래미안레이크팰리스', '102동', '301호', '인증완료', '2026-01-12 10:00:00+09', 135.0, 100.0, 5000, 35000, 5000, 5000, 7000, 50000, 7000, 7000, 10000, 80000, 10000, 10000, '승인', '등록완료', 'SUB001', 'wooyoo1', 0, '제재없음', '2026-01-10 10:00:00+09'),
('b0b0b0b0-0002-4000-a000-000000000002', 'd0d0d0d0-0007-4000-a000-000000000007', '해피독', '반려견 행복 전문가! 산책, 놀이, 교육을 한번에. 소형견 전문 유치원.', '{}', '영업중', '서울특별시 송파구 백제고분로 200', '서울특별시 송파구 잠실동 200-2', '잠실엘스', '205동', '1001호', '인증완료', '2026-01-14 11:00:00+09', 120.5, 100.0, 5000, 35000, 5000, 5000, 7000, 50000, 7000, 7000, NULL, NULL, NULL, NULL, '승인', '등록완료', 'SUB002', 'wooyoo2', 0, '제재없음', '2026-01-12 10:00:00+09'),
('b0b0b0b0-0003-4000-a000-000000000003', 'd0d0d0d0-0008-4000-a000-000000000008', '꼬미네', '꼬미와 함께하는 즐거운 하루! 중대형견도 편안하게 지낼 수 있는 넓은 공간.', '{}', '방학중', '서울특별시 마포구 성암로 300', '서울특별시 마포구 상암동 300-3', '래미안마포리버웰', '307동', '501호', '인증완료', '2026-02-07 15:00:00+09', 95.0, 100.0, 4000, 30000, 4000, 4000, 6000, 45000, 6000, 6000, 9000, 70000, 9000, 9000, '제출됨', '미등록', NULL, 'wooyoo3', 1, '경고(신선도하락)', '2026-02-05 14:00:00+09');

-- ============================================================
-- STEP 4: 반려동물 — pets
-- ============================================================
-- id: uuid, member_id(FK), name, photo_urls(text[]), breed, gender('수컷'/'암컷'),
-- birth_date(date), weight(numeric), size_class('소형'/'중형'/'대형'),
-- is_neutered(bool), is_vaccinated(bool), is_representative(bool), description,
-- created_at, updated_at

INSERT INTO pets (id, member_id, name, photo_urls, breed, gender, birth_date, weight, size_class, is_neutered, is_vaccinated, is_representative, description, created_at) VALUES
('c0c0c0c0-0001-4000-a000-000000000001', 'd0d0d0d0-0001-4000-a000-000000000001', '콩이', '{}', '말티즈', '수컷', '2023-03-15', 3.5, '소형', true, true, true, '활발하고 사람을 좋아하는 귀여운 말티즈입니다.', '2026-01-15 10:30:00+09'),
('c0c0c0c0-0002-4000-a000-000000000002', 'd0d0d0d0-0001-4000-a000-000000000001', '두부', '{}', '포메라니안', '암컷', '2024-01-20', 2.8, '소형', false, true, false, '소심하지만 착한 포메라니안이에요.', '2026-01-15 10:35:00+09'),
('c0c0c0c0-0003-4000-a000-000000000003', 'd0d0d0d0-0002-4000-a000-000000000002', '뽀삐', '{}', '비숑프리제', '암컷', '2022-07-10', 5.2, '소형', true, true, true, '밝고 쾌활한 비숑입니다. 다른 강아지들과 잘 어울려요!', '2026-01-16 11:00:00+09'),
('c0c0c0c0-0004-4000-a000-000000000004', 'd0d0d0d0-0003-4000-a000-000000000003', '초코', '{}', '래브라도 리트리버', '수컷', '2021-11-05', 28.0, '대형', true, true, true, '온순하고 영리한 래브라도입니다.', '2026-02-01 09:30:00+09'),
('c0c0c0c0-0005-4000-a000-000000000005', 'd0d0d0d0-0004-4000-a000-000000000004', '몽이', '{}', '시바이누', '수컷', '2023-09-12', 9.5, '중형', false, true, true, '독립적이고 깨끗한 시바이누입니다.', '2026-02-10 13:30:00+09'),
-- 유치원 상주 반려동물
('c0c0c0c0-0006-4000-a000-000000000006', 'd0d0d0d0-0006-4000-a000-000000000006', '밤톨', '{}', '골든리트리버', '수컷', '2020-05-20', 32.0, '대형', true, true, true, '밤톨이네 유치원의 간판 강아지!', '2026-01-10 11:00:00+09'),
('c0c0c0c0-0007-4000-a000-000000000007', 'd0d0d0d0-0006-4000-a000-000000000006', '도토리', '{}', '코카 스파니엘', '암컷', '2022-02-14', 11.0, '중형', true, true, false, '장난기 많고 활발한 코카 스파니엘입니다.', '2026-01-10 11:05:00+09'),
('c0c0c0c0-0008-4000-a000-000000000008', 'd0d0d0d0-0007-4000-a000-000000000007', '해피', '{}', '푸들', '수컷', '2023-06-01', 4.0, '소형', true, true, true, '해피독 유치원의 마스코트!', '2026-01-12 10:30:00+09');

-- ============================================================
-- STEP 4-1: 유치원 상주 반려동물 — kindergarten_resident_pets
-- ============================================================
INSERT INTO kindergarten_resident_pets (kindergarten_id, pet_id) VALUES
('b0b0b0b0-0001-4000-a000-000000000001', 'c0c0c0c0-0006-4000-a000-000000000006'),
('b0b0b0b0-0001-4000-a000-000000000001', 'c0c0c0c0-0007-4000-a000-000000000007'),
('b0b0b0b0-0002-4000-a000-000000000002', 'c0c0c0c0-0008-4000-a000-000000000008');

-- ============================================================
-- STEP 5: 돌봄예약 — reservations
-- ============================================================
-- id: uuid, member_id(FK), pet_id(FK), kindergarten_id(FK),
-- status('수락대기'/'예약확정'/'돌봄진행중'/'돌봄완료'/'보호자취소'/'유치원취소'/'유치원거절'/'노쇼'/'관리자취소'),
-- requested_at, checkin_scheduled, checkout_scheduled, checkin_actual, checkout_actual,
-- walk_count(int), pickup_requested(bool), reject_reason(NULL or '개인일정'/'반려견부적합'/'합사어려움'/'조건불가'/'기타'),
-- reject_detail, rejected_at, guardian_checkout_confirmed, guardian_checkout_confirmed_at,
-- kg_checkout_confirmed, kg_checkout_confirmed_at, auto_complete_scheduled_at,
-- created_at, updated_at

INSERT INTO reservations (id, member_id, pet_id, kindergarten_id, status, requested_at, checkin_scheduled, checkout_scheduled, checkin_actual, checkout_actual, walk_count, pickup_requested, reject_reason, reject_detail, rejected_at, guardian_checkout_confirmed, kg_checkout_confirmed, created_at) VALUES
-- 돌봄완료 건
('e0e0e0e0-0001-4000-a000-000000000001', 'd0d0d0d0-0001-4000-a000-000000000001', 'c0c0c0c0-0001-4000-a000-000000000001', 'b0b0b0b0-0001-4000-a000-000000000001', '돌봄완료', '2026-03-08 15:00:00+09', '2026-03-10 09:00:00+09', '2026-03-10 18:00:00+09', '2026-03-10 09:05:00+09', '2026-03-10 17:55:00+09', 2, true, NULL, NULL, NULL, true, true, '2026-03-08 15:00:00+09'),
-- 예약확정 건
('e0e0e0e0-0002-4000-a000-000000000002', 'd0d0d0d0-0002-4000-a000-000000000002', 'c0c0c0c0-0003-4000-a000-000000000003', 'b0b0b0b0-0001-4000-a000-000000000001', '예약확정', '2026-03-20 10:00:00+09', '2026-03-28 09:00:00+09', '2026-03-28 18:00:00+09', NULL, NULL, 1, false, NULL, NULL, NULL, false, false, '2026-03-20 10:00:00+09'),
-- 돌봄진행중 건
('e0e0e0e0-0003-4000-a000-000000000003', 'd0d0d0d0-0001-4000-a000-000000000001', 'c0c0c0c0-0002-4000-a000-000000000002', 'b0b0b0b0-0002-4000-a000-000000000002', '돌봄진행중', '2026-03-24 14:00:00+09', '2026-03-26 09:00:00+09', '2026-03-26 18:00:00+09', '2026-03-26 09:10:00+09', NULL, 1, false, NULL, NULL, NULL, false, false, '2026-03-24 14:00:00+09'),
-- 보호자취소 건 (위약금 50% 시나리오 — payment_refactoring_plan.md 섹션 6)
-- 흐름: 수락대기 → 예약확정(유치원 수락) → 보호자취소(등원 48시간 전)
('e0e0e0e0-0004-4000-a000-000000000004', 'd0d0d0d0-0003-4000-a000-000000000003', 'c0c0c0c0-0004-4000-a000-000000000004', 'b0b0b0b0-0002-4000-a000-000000000002', '보호자취소', '2026-03-25 16:00:00+09', '2026-03-30 09:00:00+09', '2026-03-31 18:00:00+09', NULL, NULL, 3, true, NULL, NULL, NULL, false, false, '2026-03-25 16:00:00+09'),
-- 보호자취소 건
('e0e0e0e0-0005-4000-a000-000000000005', 'd0d0d0d0-0002-4000-a000-000000000002', 'c0c0c0c0-0003-4000-a000-000000000003', 'b0b0b0b0-0003-4000-a000-000000000003', '보호자취소', '2026-03-10 11:00:00+09', '2026-03-15 09:00:00+09', '2026-03-15 18:00:00+09', NULL, NULL, 1, false, NULL, NULL, NULL, false, false, '2026-03-10 11:00:00+09'),
-- 유치원거절 건
('e0e0e0e0-0006-4000-a000-000000000006', 'd0d0d0d0-0004-4000-a000-000000000004', 'c0c0c0c0-0005-4000-a000-000000000005', 'b0b0b0b0-0001-4000-a000-000000000001', '유치원거절', '2026-03-18 09:00:00+09', '2026-03-20 09:00:00+09', '2026-03-20 18:00:00+09', NULL, NULL, 0, false, '합사어려움', '합사 어려움으로 거절합니다', '2026-03-18 11:00:00+09', false, false, '2026-03-18 09:00:00+09'),
-- 노쇼 건
('e0e0e0e0-0007-4000-a000-000000000007', 'd0d0d0d0-0003-4000-a000-000000000003', 'c0c0c0c0-0004-4000-a000-000000000004', 'b0b0b0b0-0003-4000-a000-000000000003', '노쇼', '2026-03-01 13:00:00+09', '2026-03-05 09:00:00+09', '2026-03-05 18:00:00+09', NULL, NULL, 2, false, NULL, NULL, NULL, false, false, '2026-03-01 13:00:00+09'),
-- 돌봄완료 건 (추가)
('e0e0e0e0-0008-4000-a000-000000000008', 'd0d0d0d0-0001-4000-a000-000000000001', 'c0c0c0c0-0001-4000-a000-000000000001', 'b0b0b0b0-0002-4000-a000-000000000002', '돌봄완료', '2026-02-18 10:00:00+09', '2026-02-20 09:00:00+09', '2026-02-21 18:00:00+09', '2026-02-20 08:55:00+09', '2026-02-21 18:10:00+09', 3, true, NULL, NULL, NULL, true, true, '2026-02-18 10:00:00+09'),
-- 유치원취소 건
('e0e0e0e0-0009-4000-a000-000000000009', 'd0d0d0d0-0002-4000-a000-000000000002', 'c0c0c0c0-0003-4000-a000-000000000003', 'b0b0b0b0-0002-4000-a000-000000000002', '유치원취소', '2026-02-22 09:00:00+09', '2026-02-25 09:00:00+09', '2026-02-25 18:00:00+09', NULL, NULL, 1, false, NULL, NULL, NULL, false, false, '2026-02-22 09:00:00+09'),
-- 돌봄완료 건 (추가)
('e0e0e0e0-0010-4000-a000-000000000010', 'd0d0d0d0-0003-4000-a000-000000000003', 'c0c0c0c0-0004-4000-a000-000000000004', 'b0b0b0b0-0001-4000-a000-000000000001', '돌봄완료', '2026-02-13 08:00:00+09', '2026-02-15 09:00:00+09', '2026-02-15 18:00:00+09', '2026-02-15 09:00:00+09', '2026-02-15 18:00:00+09', 2, false, NULL, NULL, NULL, true, true, '2026-02-13 08:00:00+09'),
-- 관리자취소 건
('e0e0e0e0-0011-4000-a000-000000000011', 'd0d0d0d0-0001-4000-a000-000000000001', 'c0c0c0c0-0002-4000-a000-000000000002', 'b0b0b0b0-0001-4000-a000-000000000001', '관리자취소', '2026-03-22 10:00:00+09', '2026-03-27 09:00:00+09', '2026-03-27 18:00:00+09', NULL, NULL, 1, true, NULL, NULL, NULL, false, false, '2026-03-22 10:00:00+09');

-- ============================================================
-- STEP 6: 결제 — payments
-- ============================================================
-- id: uuid, member_id(FK), kindergarten_id(FK), pet_id(FK), reservation_id(FK),
-- pg_transaction_id, approval_number, submall_id, amount(int),
-- care_fee(int), walk_fee(int), pickup_fee(int),
-- payment_method, card_company, card_number,
-- status('결제완료'/'취소완료'/'부분취소'), cancel_reason, cancelled_at,
-- paid_at, created_at, updated_at
-- ※ amount = care_fee + walk_fee + pickup_fee (의미상 관계)

INSERT INTO payments (id, member_id, kindergarten_id, pet_id, reservation_id, pg_transaction_id, approval_number, submall_id, amount, care_fee, walk_fee, pickup_fee, payment_method, card_company, card_number, status, paid_at, created_at) VALUES
('f0f0f0f0-0001-4000-a000-000000000001', 'd0d0d0d0-0001-4000-a000-000000000001', 'b0b0b0b0-0001-4000-a000-000000000001', 'c0c0c0c0-0001-4000-a000-000000000001', 'e0e0e0e0-0001-4000-a000-000000000001', 'PG20260308150001', 'AP001001', 'wooyoo1', 50000, 40000, 5000, 5000, '신용카드', '삼성카드', '9410-****-****-1234', '결제완료', '2026-03-08 15:00:00+09', '2026-03-08 15:00:00+09'),
('f0f0f0f0-0002-4000-a000-000000000002', 'd0d0d0d0-0002-4000-a000-000000000002', 'b0b0b0b0-0001-4000-a000-000000000001', 'c0c0c0c0-0003-4000-a000-000000000003', 'e0e0e0e0-0002-4000-a000-000000000002', 'PG20260320100001', 'AP002001', 'wooyoo1', 40000, 35000, 5000, 0, '신용카드', '현대카드', '4321-****-****-5678', '결제완료', '2026-03-20 10:00:00+09', '2026-03-20 10:00:00+09'),
('f0f0f0f0-0003-4000-a000-000000000003', 'd0d0d0d0-0001-4000-a000-000000000001', 'b0b0b0b0-0002-4000-a000-000000000002', 'c0c0c0c0-0002-4000-a000-000000000002', 'e0e0e0e0-0003-4000-a000-000000000003', 'PG20260324140001', 'AP003001', 'wooyoo2', 40000, 35000, 0, 5000, '체크카드', '국민카드', '5678-****-****-9012', '결제완료', '2026-03-24 14:00:00+09', '2026-03-24 14:00:00+09'),
('f0f0f0f0-0004-4000-a000-000000000004', 'd0d0d0d0-0003-4000-a000-000000000003', 'b0b0b0b0-0002-4000-a000-000000000002', 'c0c0c0c0-0004-4000-a000-000000000004', 'e0e0e0e0-0004-4000-a000-000000000004', 'PG20260325160001', 'AP004001', 'wooyoo2', 145000, 120000, 15000, 10000, '신용카드', '신한카드', '1234-****-****-3456', '결제취소', '2026-03-25 16:00:00+09', '2026-03-25 16:00:00+09'),
('f0f0f0f0-0005-4000-a000-000000000005', 'd0d0d0d0-0002-4000-a000-000000000002', 'b0b0b0b0-0003-4000-a000-000000000003', 'c0c0c0c0-0003-4000-a000-000000000003', 'e0e0e0e0-0005-4000-a000-000000000005', 'PG20260310110001', 'AP005001', 'wooyoo3', 35000, 30000, 5000, 0, '간편결제', '카카오페이', NULL, '취소완료', '2026-03-10 11:00:00+09', '2026-03-10 11:00:00+09'),
('f0f0f0f0-0006-4000-a000-000000000006', 'd0d0d0d0-0004-4000-a000-000000000004', 'b0b0b0b0-0001-4000-a000-000000000001', 'c0c0c0c0-0005-4000-a000-000000000005', 'e0e0e0e0-0006-4000-a000-000000000006', 'PG20260318090001', 'AP006001', 'wooyoo1', 45000, 35000, 5000, 5000, '신용카드', '롯데카드', '7890-****-****-4567', '취소완료', '2026-03-18 09:00:00+09', '2026-03-18 09:00:00+09'),
('f0f0f0f0-0007-4000-a000-000000000007', 'd0d0d0d0-0003-4000-a000-000000000003', 'b0b0b0b0-0003-4000-a000-000000000003', 'c0c0c0c0-0004-4000-a000-000000000004', 'e0e0e0e0-0007-4000-a000-000000000007', 'PG20260301130001', 'AP007001', 'wooyoo3', 110000, 90000, 10000, 10000, '신용카드', 'NH카드', '2345-****-****-6789', '결제완료', '2026-03-01 13:00:00+09', '2026-03-01 13:00:00+09'),
('f0f0f0f0-0008-4000-a000-000000000008', 'd0d0d0d0-0001-4000-a000-000000000001', 'b0b0b0b0-0002-4000-a000-000000000002', 'c0c0c0c0-0001-4000-a000-000000000001', 'e0e0e0e0-0008-4000-a000-000000000008', 'PG20260218100001', 'AP008001', 'wooyoo2', 105000, 85000, 10000, 10000, '체크카드', '우리카드', '3456-****-****-7890', '결제완료', '2026-02-18 10:00:00+09', '2026-02-18 10:00:00+09'),
('f0f0f0f0-0009-4000-a000-000000000009', 'd0d0d0d0-0002-4000-a000-000000000002', 'b0b0b0b0-0002-4000-a000-000000000002', 'c0c0c0c0-0003-4000-a000-000000000003', 'e0e0e0e0-0009-4000-a000-000000000009', 'PG20260222090001', 'AP009001', 'wooyoo2', 40000, 35000, 5000, 0, '신용카드', '하나카드', '4567-****-****-8901', '취소완료', '2026-02-22 09:00:00+09', '2026-02-22 09:00:00+09'),
('f0f0f0f0-0010-4000-a000-000000000010', 'd0d0d0d0-0003-4000-a000-000000000003', 'b0b0b0b0-0001-4000-a000-000000000001', 'c0c0c0c0-0004-4000-a000-000000000004', 'e0e0e0e0-0010-4000-a000-000000000010', 'PG20260213080001', 'AP010001', 'wooyoo1', 110000, 90000, 10000, 10000, '간편결제', '네이버페이', NULL, '결제완료', '2026-02-13 08:00:00+09', '2026-02-13 08:00:00+09'),
('f0f0f0f0-0011-4000-a000-000000000011', 'd0d0d0d0-0001-4000-a000-000000000001', 'b0b0b0b0-0001-4000-a000-000000000001', 'c0c0c0c0-0002-4000-a000-000000000002', 'e0e0e0e0-0011-4000-a000-000000000011', 'PG20260322100001', 'AP011001', 'wooyoo1', 50000, 40000, 5000, 5000, '신용카드', '삼성카드', '9410-****-****-1234', '취소완료', '2026-03-22 10:00:00+09', '2026-03-22 10:00:00+09');

-- STEP 6-1: 위약금 결제 — payments (payment_type='위약금')
-- 시나리오: 보호자(박준혁)가 예약 #4를 등원 48시간 전 취소 → 50% 위약금 72,500원
-- (참고: payment_refactoring_plan.md 섹션 6)
INSERT INTO payments (id, member_id, kindergarten_id, pet_id, reservation_id, pg_transaction_id, approval_number, submall_id, amount, care_fee, walk_fee, pickup_fee, payment_method, card_company, card_number, status, paid_at, created_at, payment_type) VALUES
('f0f0f0f0-0012-4000-a000-000000000012', 'd0d0d0d0-0003-4000-a000-000000000003', 'b0b0b0b0-0002-4000-a000-000000000002', 'c0c0c0c0-0004-4000-a000-000000000004', 'e0e0e0e0-0004-4000-a000-000000000004', 'PG20260326100501', 'AP012001', 'wooyoo2', 72500, NULL, NULL, NULL, '신용카드', '신한카드', '1234-****-****-3456', '결제완료', '2026-03-26 10:05:00+09', '2026-03-26 10:05:00+09', '위약금');

-- ============================================================
-- STEP 7: 환불 — refunds
-- ============================================================
-- id: uuid, payment_id(FK), reservation_id(FK), member_id(FK), kindergarten_id(FK),
-- requester('보호자'/'유치원'/'관리자'), cancel_reason, requested_at,
-- hours_before_checkin(numeric), applied_rule, original_amount(int),
-- refund_rate(int), refund_amount(int), penalty_rate(int), penalty_amount(int),
-- status('환불대기'/'환불완료'/'환불실패'), completed_at, fail_reason,
-- pg_refund_tx_id, refund_method, penalty_tx_id, penalty_payment_method,
-- penalty_payment_status('미결제'/'결제완료'/'결제실패'), penalty_settled_to_kg(bool),
-- penalty_exempted(bool), penalty_exempt_reason, created_at, updated_at

INSERT INTO refunds (id, payment_id, reservation_id, member_id, kindergarten_id, requester, cancel_reason, requested_at, hours_before_checkin, applied_rule, original_amount, refund_rate, refund_amount, penalty_rate, penalty_amount, status, completed_at, pg_refund_tx_id, refund_method, penalty_payment_status, penalty_payment_id, created_at) VALUES
-- 보호자 취소 - 72시간 이상 전 → 전액 환불
('11111111-0001-4000-a000-000000000001', 'f0f0f0f0-0005-4000-a000-000000000005', 'e0e0e0e0-0005-4000-a000-000000000005', 'd0d0d0d0-0002-4000-a000-000000000002', 'b0b0b0b0-0003-4000-a000-000000000003', '보호자', '개인 사정으로 취소합니다', '2026-03-12 10:00:00+09', 72.0, '72시간 이상 전 취소 – 전액 환불', 35000, 100, 35000, 0, 0, '환불완료', '2026-03-12 10:05:00+09', 'RF20260312100001', '카카오페이', '미결제', NULL, '2026-03-12 10:00:00+09'),
-- 유치원 거절 → 전액 환불
('11111111-0002-4000-a000-000000000002', 'f0f0f0f0-0006-4000-a000-000000000006', 'e0e0e0e0-0006-4000-a000-000000000006', 'd0d0d0d0-0004-4000-a000-000000000004', 'b0b0b0b0-0001-4000-a000-000000000001', '유치원', '합사 어려움으로 거절합니다', '2026-03-18 11:00:00+09', 46.0, '유치원 거절 – 전액 환불', 45000, 100, 45000, 0, 0, '환불완료', '2026-03-18 11:05:00+09', 'RF20260318110001', '롯데카드', '미결제', NULL, '2026-03-18 11:00:00+09'),
-- 유치원 취소 → 전액 환불
('11111111-0003-4000-a000-000000000003', 'f0f0f0f0-0009-4000-a000-000000000009', 'e0e0e0e0-0009-4000-a000-000000000009', 'd0d0d0d0-0002-4000-a000-000000000002', 'b0b0b0b0-0002-4000-a000-000000000002', '유치원', '유치원 사정으로 취소', '2026-02-23 14:00:00+09', 43.0, '유치원 취소 – 전액 환불', 40000, 100, 40000, 0, 0, '환불완료', '2026-02-23 14:10:00+09', 'RF20260223140001', '하나카드', '미결제', NULL, '2026-02-23 14:00:00+09'),
-- 보호자 취소 (위약금 50%, 돌봄비 전액 환불 — payment_refactoring_plan.md 섹션 6)
('11111111-0004-4000-a000-000000000004', 'f0f0f0f0-0004-4000-a000-000000000004', 'e0e0e0e0-0004-4000-a000-000000000004', 'd0d0d0d0-0003-4000-a000-000000000003', 'b0b0b0b0-0002-4000-a000-000000000002', '보호자', '개인 사정으로 취소합니다', '2026-03-26 10:00:00+09', 48.0, '24~72시간 전 취소 – 위약금 50%', 145000, 100, 145000, 50, 72500, '환불완료', '2026-03-26 10:10:00+09', 'RF20260326100001', '신한카드', '결제완료', 'f0f0f0f0-0012-4000-a000-000000000012', '2026-03-26 10:00:00+09'),
-- 관리자취소 건 → 전액 환불
('11111111-0005-4000-a000-000000000005', 'f0f0f0f0-0011-4000-a000-000000000011', 'e0e0e0e0-0011-4000-a000-000000000011', 'd0d0d0d0-0001-4000-a000-000000000001', 'b0b0b0b0-0001-4000-a000-000000000001', '관리자', '서비스 정책 위반으로 관리자 강제 취소', '2026-03-23 09:00:00+09', 96.0, '관리자 강제 취소 – 전액 환불', 50000, 100, 50000, 0, 0, '환불완료', '2026-03-23 09:05:00+09', 'RF20260323090001', '삼성카드', '미결제', NULL, '2026-03-23 09:00:00+09');

-- ============================================================
-- STEP 8: 정산정보 — settlement_infos
-- ============================================================
-- id: uuid, kindergarten_id(FK), member_id(FK), operator_name, operator_birth_date(date),
-- operator_ssn_masked, operator_phone, operator_email,
-- business_type('개인사업자'/'법인사업자'/'비사업자'), business_reg_number, business_name, business_category,
-- account_bank, account_number, account_holder, inicis_seller_id, submall_code,
-- inicis_status('미등록'/'요청중'/'완료'/'실패'), inicis_fail_reason,
-- inicis_requested_at, inicis_completed_at, submitted_at, processed_at,
-- created_at, updated_at

INSERT INTO settlement_infos (id, kindergarten_id, member_id, operator_name, operator_birth_date, operator_ssn_masked, operator_phone, operator_email, business_type, business_reg_number, business_name, business_category, account_bank, account_number, account_holder, inicis_seller_id, submall_code, inicis_status, inicis_requested_at, inicis_completed_at, created_at) VALUES
('22222222-0001-4000-a000-000000000001', 'b0b0b0b0-0001-4000-a000-000000000001', 'd0d0d0d0-0006-4000-a000-000000000006', '한지원', '1983-04-15', '830415-2345678', '01067890123', 'bamtol@email.com', '개인사업자', '123-45-67890', '밤톨이네펫케어', '서비스업/반려동물', '국민은행', '123456789012', '한지원', 'wooyoo1', 'SUB001', '완료', '2026-01-15 10:00:00+09', '2026-01-17 14:00:00+09', '2026-01-13 09:00:00+09'),
('22222222-0002-4000-a000-000000000002', 'b0b0b0b0-0002-4000-a000-000000000002', 'd0d0d0d0-0007-4000-a000-000000000007', '오승현', '1979-09-22', '790922-1987654', '01078901234', 'happydog@email.com', '비사업자', NULL, NULL, NULL, '신한은행', '987654321098', '오승현', 'wooyoo2', 'SUB002', '완료', '2026-01-16 11:00:00+09', '2026-01-18 15:00:00+09', '2026-01-14 10:00:00+09'),
('22222222-0003-4000-a000-000000000003', 'b0b0b0b0-0003-4000-a000-000000000003', 'd0d0d0d0-0008-4000-a000-000000000008', '윤미래', '1991-06-05', '910605-2876543', '01089012345', 'kkomi@email.com', '비사업자', NULL, NULL, NULL, '하나은행', '567890123456', '윤미래', 'wooyoo3', NULL, '미등록', NULL, NULL, '2026-02-06 14:00:00+09');

-- ============================================================
-- STEP 9: 정산내역 — settlements
-- ============================================================
-- id: uuid, kindergarten_id(FK), member_id(FK), payment_id(FK), reservation_id(FK), refund_id(FK),
-- operator_name, transaction_type('돌봄결제'/'위약금'), payment_amount(int),
-- commission_rate(numeric), commission_amount(int), settlement_amount(int),
-- account_bank, account_number, account_holder, inicis_submall_code,
-- status('정산예정'/'정산완료'/'정산보류'), hold_reason,
-- scheduled_date(date), completed_date(date), created_at, updated_at

INSERT INTO settlements (id, kindergarten_id, member_id, payment_id, reservation_id, operator_name, transaction_type, payment_amount, commission_rate, commission_amount, settlement_amount, account_bank, account_number, account_holder, inicis_submall_code, status, hold_reason, scheduled_date, completed_date, created_at) VALUES
('33333333-0001-4000-a000-000000000001', 'b0b0b0b0-0001-4000-a000-000000000001', 'd0d0d0d0-0001-4000-a000-000000000001', 'f0f0f0f0-0001-4000-a000-000000000001', 'e0e0e0e0-0001-4000-a000-000000000001', '한지원', '돌봄결제', 50000, 20, 10000, 40000, '국민은행', '1234***12', '한지원', 'SUB001', '정산완료', NULL, '2026-03-17', '2026-03-17', '2026-03-10 18:00:00+09'),
('33333333-0002-4000-a000-000000000002', 'b0b0b0b0-0002-4000-a000-000000000002', 'd0d0d0d0-0001-4000-a000-000000000001', 'f0f0f0f0-0008-4000-a000-000000000008', 'e0e0e0e0-0008-4000-a000-000000000008', '오승현', '돌봄결제', 105000, 20, 21000, 84000, '신한은행', '9876***98', '오승현', 'SUB002', '정산완료', NULL, '2026-02-28', '2026-02-28', '2026-02-21 18:00:00+09'),
('33333333-0003-4000-a000-000000000003', 'b0b0b0b0-0001-4000-a000-000000000001', 'd0d0d0d0-0003-4000-a000-000000000003', 'f0f0f0f0-0010-4000-a000-000000000010', 'e0e0e0e0-0010-4000-a000-000000000010', '한지원', '돌봄결제', 110000, 20, 22000, 88000, '국민은행', '1234***12', '한지원', 'SUB001', '정산예정', NULL, '2026-02-22', NULL, '2026-02-15 18:00:00+09'),
('33333333-0004-4000-a000-000000000004', 'b0b0b0b0-0003-4000-a000-000000000003', 'd0d0d0d0-0003-4000-a000-000000000003', 'f0f0f0f0-0007-4000-a000-000000000007', 'e0e0e0e0-0007-4000-a000-000000000007', '윤미래', '돌봄결제', 110000, 20, 22000, 88000, '하나은행', '5678***56', '윤미래', NULL, '정산보류', '유치원 정산정보 미등록', '2026-03-12', NULL, '2026-03-05 18:00:00+09');

-- ============================================================
-- STEP 10: 채팅방 — chat_rooms
-- ============================================================
-- id: uuid, guardian_id(FK→members), kindergarten_id(FK), status('활성'/'비활성'),
-- last_message, last_message_at, total_message_count(int), has_report(bool),
-- created_at, updated_at

INSERT INTO chat_rooms (id, guardian_id, kindergarten_id, status, last_message, last_message_at, total_message_count, has_report, created_at) VALUES
('44444444-0001-4000-a000-000000000001', 'd0d0d0d0-0001-4000-a000-000000000001', 'b0b0b0b0-0001-4000-a000-000000000001', '활성', '네, 내일 9시에 콩이 데려갈게요!', '2026-03-25 20:30:00+09', 15, false, '2026-01-20 10:00:00+09'),
('44444444-0002-4000-a000-000000000002', 'd0d0d0d0-0002-4000-a000-000000000002', 'b0b0b0b0-0001-4000-a000-000000000001', '활성', '감사합니다. 뽀삐가 즐거워했어요', '2026-03-21 18:00:00+09', 8, false, '2026-02-01 14:00:00+09'),
('44444444-0003-4000-a000-000000000003', 'd0d0d0d0-0001-4000-a000-000000000001', 'b0b0b0b0-0002-4000-a000-000000000002', '활성', '두부 하원 확인했습니다', '2026-03-26 09:30:00+09', 22, false, '2026-02-10 09:00:00+09'),
('44444444-0004-4000-a000-000000000004', 'd0d0d0d0-0003-4000-a000-000000000003', 'b0b0b0b0-0002-4000-a000-000000000002', '활성', '초코 산책 사진 보내드릴게요', '2026-03-25 15:00:00+09', 10, false, '2026-02-14 11:00:00+09'),
('44444444-0005-4000-a000-000000000005', 'd0d0d0d0-0004-4000-a000-000000000004', 'b0b0b0b0-0001-4000-a000-000000000001', '비활성', '몽이 예약 취소 가능할까요?', '2026-03-18 08:30:00+09', 5, true, '2026-03-17 20:00:00+09'),
('44444444-0006-4000-a000-000000000006', 'd0d0d0d0-0003-4000-a000-000000000003', 'b0b0b0b0-0003-4000-a000-000000000003', '활성', '초코 어제 잘 지냈나요?', '2026-03-06 10:00:00+09', 12, true, '2026-02-28 16:00:00+09');

-- ============================================================
-- STEP 10-1: 채팅방-예약 연결 — chat_room_reservations
-- ============================================================
INSERT INTO chat_room_reservations (chat_room_id, reservation_id) VALUES
('44444444-0001-4000-a000-000000000001', 'e0e0e0e0-0001-4000-a000-000000000001'),
('44444444-0001-4000-a000-000000000001', 'e0e0e0e0-0002-4000-a000-000000000002'),
('44444444-0003-4000-a000-000000000003', 'e0e0e0e0-0003-4000-a000-000000000003'),
('44444444-0004-4000-a000-000000000004', 'e0e0e0e0-0004-4000-a000-000000000004'),
('44444444-0006-4000-a000-000000000006', 'e0e0e0e0-0007-4000-a000-000000000007');

-- ============================================================
-- STEP 11: 채팅 메시지 — chat_messages
-- ============================================================
-- id: uuid, chat_room_id(FK), sender_type('보호자'/'유치원'/'시스템'), sender_id(uuid, nullable),
-- message_type('텍스트'/'이미지'/'시스템'), content, image_urls(jsonb), is_read(bool), created_at

INSERT INTO chat_messages (chat_room_id, sender_type, sender_id, message_type, content, is_read, created_at) VALUES
-- cr-001 대화
('44444444-0001-4000-a000-000000000001', '보호자', 'd0d0d0d0-0001-4000-a000-000000000001', '텍스트', '안녕하세요, 콩이 돌봄 예약 문의드려요', true, '2026-03-25 19:00:00+09'),
('44444444-0001-4000-a000-000000000001', '유치원', 'd0d0d0d0-0006-4000-a000-000000000006', '텍스트', '안녕하세요! 네, 어떤 날짜로 원하시나요?', true, '2026-03-25 19:05:00+09'),
('44444444-0001-4000-a000-000000000001', '보호자', 'd0d0d0d0-0001-4000-a000-000000000001', '텍스트', '3월 28일 하루 돌봄 가능할까요?', true, '2026-03-25 19:10:00+09'),
('44444444-0001-4000-a000-000000000001', '유치원', 'd0d0d0d0-0006-4000-a000-000000000006', '텍스트', '네, 가능합니다! 예약 진행해주세요', true, '2026-03-25 19:15:00+09'),
('44444444-0001-4000-a000-000000000001', '보호자', 'd0d0d0d0-0001-4000-a000-000000000001', '텍스트', '네, 내일 9시에 콩이 데려갈게요!', true, '2026-03-25 20:30:00+09'),
-- cr-003 대화
('44444444-0003-4000-a000-000000000003', '유치원', 'd0d0d0d0-0007-4000-a000-000000000007', '텍스트', '두부가 오늘 잘 놀았어요! 사진 보내드릴게요', true, '2026-03-26 08:00:00+09'),
('44444444-0003-4000-a000-000000000003', '유치원', 'd0d0d0d0-0007-4000-a000-000000000007', '이미지', NULL, true, '2026-03-26 08:05:00+09'),
('44444444-0003-4000-a000-000000000003', '보호자', 'd0d0d0d0-0001-4000-a000-000000000001', '텍스트', '두부 하원 확인했습니다', true, '2026-03-26 09:30:00+09'),
-- 시스템 메시지
('44444444-0001-4000-a000-000000000001', '시스템', NULL, '시스템', '예약이 확정되었습니다.', true, '2026-03-20 10:05:00+09'),
('44444444-0005-4000-a000-000000000005', '시스템', NULL, '시스템', '채팅방이 관리자에 의해 비활성화되었습니다.', true, '2026-03-19 10:00:00+09');

-- ============================================================
-- STEP 12: 보호자 후기 — guardian_reviews
-- ============================================================
-- id: uuid, member_id(FK), kindergarten_id(FK), reservation_id(FK), pet_id(FK),
-- satisfaction('최고예요!'/'좋았어요'/'아쉬워요'), selected_tags(jsonb), content,
-- image_urls(jsonb), is_hidden(bool), hidden_reason, hidden_at, written_at, created_at, updated_at

INSERT INTO guardian_reviews (member_id, kindergarten_id, reservation_id, pet_id, satisfaction, selected_tags, content, image_urls, is_hidden, written_at, created_at) VALUES
('d0d0d0d0-0001-4000-a000-000000000001', 'b0b0b0b0-0001-4000-a000-000000000001', 'e0e0e0e0-0001-4000-a000-000000000001', 'c0c0c0c0-0001-4000-a000-000000000001', '최고예요!', '["상담이 친절하고 편안했어요","사진과 영상을 자주 보내주셨어요","다음에도 맡기고 싶어요"]', '밤톨이네에서 콩이를 정말 잘 돌봐주셨어요! 사진도 자주 보내주시고, 콩이가 너무 즐거워하더라고요.', '[]', false, '2026-03-11 10:00:00+09', '2026-03-11 10:00:00+09'),
('d0d0d0d0-0001-4000-a000-000000000001', 'b0b0b0b0-0002-4000-a000-000000000002', 'e0e0e0e0-0008-4000-a000-000000000008', 'c0c0c0c0-0001-4000-a000-000000000001', '좋았어요', '["예약한 돌봄 일정을 잘 지켜주셨어요","반려견이 즐겁고 편안하게 지냈어요"]', '해피독에서 1박2일 돌봄을 받았는데 전체적으로 만족스러웠습니다.', '[]', false, '2026-02-22 14:00:00+09', '2026-02-22 14:00:00+09'),
('d0d0d0d0-0003-4000-a000-000000000003', 'b0b0b0b0-0001-4000-a000-000000000001', 'e0e0e0e0-0010-4000-a000-000000000010', 'c0c0c0c0-0004-4000-a000-000000000004', '아쉬워요', '["집(유치원)이 지저분하거나 위생이 걱정됐어요","사진과 영상 공유가 부족했어요"]', '기대했던 것보다 시설이 좀 아쉬웠습니다.', '[]', false, '2026-02-16 18:00:00+09', '2026-02-16 18:00:00+09');

-- ============================================================
-- STEP 13: 유치원 후기 — kindergarten_reviews
-- ============================================================
-- id: uuid, kindergarten_id(FK), pet_id(FK), member_id(FK), reservation_id(FK),
-- satisfaction('최고예요!'/'좋았어요'/'아쉬워요'), selected_tags(jsonb), content,
-- is_guardian_only(bool), is_hidden(bool), hidden_reason, hidden_at, written_at, created_at, updated_at

INSERT INTO kindergarten_reviews (kindergarten_id, pet_id, member_id, reservation_id, satisfaction, selected_tags, content, is_guardian_only, is_hidden, written_at, created_at) VALUES
('b0b0b0b0-0001-4000-a000-000000000001', 'c0c0c0c0-0001-4000-a000-000000000001', 'd0d0d0d0-0001-4000-a000-000000000001', 'e0e0e0e0-0001-4000-a000-000000000001', '최고예요!', '["사람을 좋아하고 애교가 많아요","거의 짖지 않았어요","다음에도 맡아주고 싶어요"]', '콩이는 정말 착한 아이에요! 다른 강아지들과도 잘 어울리고, 간식도 잘 먹었습니다.', false, false, '2026-03-11 11:00:00+09', '2026-03-11 11:00:00+09'),
('b0b0b0b0-0002-4000-a000-000000000002', 'c0c0c0c0-0001-4000-a000-000000000001', 'd0d0d0d0-0001-4000-a000-000000000001', 'e0e0e0e0-0008-4000-a000-000000000008', '좋았어요', '["유치원에서 안정적으로 잘 있었어요","편식이나 남기는 것 없이 사료를 잘 먹어요"]', '콩이가 1박2일 동안 잘 지냈어요. 사료도 잘 먹고 안정적이었습니다.', false, false, '2026-02-22 15:00:00+09', '2026-02-22 15:00:00+09'),
('b0b0b0b0-0001-4000-a000-000000000001', 'c0c0c0c0-0004-4000-a000-000000000004', 'd0d0d0d0-0003-4000-a000-000000000003', 'e0e0e0e0-0010-4000-a000-000000000010', '아쉬워요', '["짖음이 심해서 힘들었어요","분리불안이 있는 것 같아요"]', '초코가 분리불안이 좀 있는 것 같아요. 보호자님과 상의가 필요합니다.', true, false, '2026-02-16 19:00:00+09', '2026-02-16 19:00:00+09');

-- ============================================================
-- STEP 14: 신고 — reports
-- ============================================================
-- id: uuid, chat_room_id(FK), reporter_id(FK→members), reporter_type('보호자'/'유치원'),
-- reported_id(FK→members), reported_type('보호자'/'유치원'),
-- reason_category, reason_detail, attachment_urls(jsonb),
-- status('접수'/'처리중'/'처리완료'/'기각'), processed_at,
-- sanction_result, sanction_type, sanction_start(date), sanction_end(date),
-- process_reason, processed_by, reported_at, created_at, updated_at

INSERT INTO reports (chat_room_id, reporter_id, reporter_type, reported_id, reported_type, reason_category, reason_detail, attachment_urls, status, processed_at, sanction_result, sanction_type, process_reason, processed_by, reported_at, created_at) VALUES
('44444444-0005-4000-a000-000000000005', 'd0d0d0d0-0004-4000-a000-000000000004', '보호자', 'd0d0d0d0-0006-4000-a000-000000000006', '유치원', '부적절한 언어', '예약 취소 과정에서 불친절한 응대를 받았습니다.', '[]', '처리완료', '2026-03-19 10:00:00+09', '경고', '경고', '확인 결과 경고 조치합니다', '최고관리자', '2026-03-18 09:00:00+09', '2026-03-18 09:00:00+09'),
('44444444-0006-4000-a000-000000000006', 'd0d0d0d0-0008-4000-a000-000000000008', '유치원', 'd0d0d0d0-0003-4000-a000-000000000003', '보호자', '사기 의심', '예약 후 연락 두절되어 노쇼가 발생했습니다.', '[]', '처리중', NULL, NULL, NULL, NULL, NULL, '2026-03-06 11:00:00+09', '2026-03-06 11:00:00+09');

-- ============================================================
-- STEP 15: 교육 주제 — education_topics
-- ============================================================
-- id: uuid, display_order(int), title, visibility('공개'/'비공개'),
-- top_image_url, principle_text, principle_details(jsonb),
-- correct_behavior_1, correct_behavior_2, wrong_behavior_1,
-- created_at, updated_at

INSERT INTO education_topics (id, display_order, title, visibility, principle_text, principle_details, correct_behavior_1, correct_behavior_2, wrong_behavior_1, created_at) VALUES
('55555555-0001-4000-a000-000000000001', 1, '안전한 돌봄 환경 만들기', '공개', '반려견이 안전하게 지낼 수 있는 환경을 조성합니다', '["위험한 물건을 반려견이 닿지 않는 곳에 보관합니다","바닥이 미끄럽지 않도록 매트를 깔아줍니다","창문과 베란다에 안전장치를 설치합니다"]', '날카로운 모서리에 보호대를 씌워 안전하게 합니다', '반려견 크기에 맞는 적절한 공간을 제공합니다', '반려견을 좁은 공간에 오래 가두어 둡니다', '2026-01-20 10:00:00+09'),
('55555555-0002-4000-a000-000000000002', 2, '올바른 산책 방법', '공개', '안전하고 즐거운 산책을 위한 기본 원칙을 지킵니다', '["반드시 리드줄을 착용하고 산책합니다","산책 전 날씨와 기온을 확인합니다","다른 강아지와의 만남은 보호자 동의 후 진행합니다"]', '리드줄을 짧게 잡고 차도에서 떨어져 산책합니다', '산책 후 발바닥을 깨끗이 닦아줍니다', '리드줄 없이 자유롭게 뛰어놀게 합니다', '2026-01-25 10:00:00+09'),
('55555555-0003-4000-a000-000000000003', 3, '응급상황 대처법', '공개', '응급상황 발생 시 신속하고 정확하게 대처합니다', '["보호자와 가까운 동물병원 연락처를 미리 확인합니다","응급 처치 키트를 항상 준비해둡니다","이상 증상 발견 시 즉시 보호자에게 알립니다"]', '구토나 설사 시 먹이를 중단하고 보호자에게 즉시 연락합니다', '상처 부위를 깨끗한 거즈로 압박하여 지혈합니다', '이상 증상이 있어도 보호자에게 알리지 않고 지켜봅니다', '2026-02-01 10:00:00+09');

-- ============================================================
-- STEP 15-1: 교육 퀴즈 — education_quizzes (별도 테이블)
-- ============================================================
-- id: uuid, topic_id(FK→education_topics), question_text, question_image_url,
-- choice_a, choice_b, correct_answer('A'/'B'), correct_explanation, wrong_explanation,
-- created_at, updated_at

INSERT INTO education_quizzes (topic_id, question_text, choice_a, choice_b, correct_answer, correct_explanation, wrong_explanation, created_at) VALUES
('55555555-0001-4000-a000-000000000001', '다음 중 안전한 돌봄 환경으로 올바른 것은?', '바닥에 미끄럼 방지 매트를 깔아줍니다', '전선을 반려견이 쉽게 접근할 수 있게 둡니다', 'A', '미끄럼 방지 매트는 반려견의 관절 부상을 예방하는 중요한 안전 조치입니다.', '전선은 반려견이 물어 감전 사고가 발생할 수 있으므로 반드시 정리해야 합니다.', '2026-01-20 10:00:00+09'),
('55555555-0002-4000-a000-000000000002', '산책 시 가장 중요한 안전 수칙은?', '항상 리드줄을 착용합니다', '가능한 한 긴 리드줄을 사용합니다', 'A', '리드줄 착용은 반려견의 안전과 다른 사람들의 안전을 위한 가장 기본적인 수칙입니다.', '리드줄이 너무 길면 통제가 어려워 오히려 위험할 수 있습니다.', '2026-01-25 10:00:00+09'),
('55555555-0003-4000-a000-000000000003', '반려견에게 이상 증상이 나타났을 때 가장 먼저 해야 할 일은?', '보호자에게 즉시 연락합니다', '스스로 판단하여 약을 먹입니다', 'A', '보호자에게 즉시 알리는 것이 가장 중요합니다.', '임의로 약을 투여하면 오히려 상태를 악화시킬 수 있습니다.', '2026-02-01 10:00:00+09');

-- ============================================================
-- STEP 16: 교육 이수 — education_completions
-- ============================================================
-- id: uuid, kindergarten_id(FK), topic_details(jsonb), total_topics(int),
-- completed_topics(int), progress_rate(numeric),
-- completion_status('미시작'/'진행중'/'이수완료'), all_completed_at,
-- checklist_confirmed(bool), checklist_confirmed_at, checklist_version_id(FK→checklists),
-- pledge_agreed(bool), pledge_agreed_at, pledge_version_id(FK→pledges),
-- force_completed(bool), force_completed_reason, reset_reason,
-- created_at, updated_at

-- 밤톨이네: 3/3 이수완료
INSERT INTO education_completions (kindergarten_id, topic_details, total_topics, completed_topics, progress_rate, completion_status, all_completed_at, checklist_confirmed, pledge_agreed, created_at) VALUES
('b0b0b0b0-0001-4000-a000-000000000001', '[{"topic_id":"55555555-0001-4000-a000-000000000001","completed_at":"2026-02-01T14:00:00+09:00"},{"topic_id":"55555555-0002-4000-a000-000000000002","completed_at":"2026-02-03T15:00:00+09:00"},{"topic_id":"55555555-0003-4000-a000-000000000003","completed_at":"2026-02-05T10:00:00+09:00"}]', 3, 3, 100, '이수완료', '2026-02-05 10:00:00+09', true, true, '2026-02-01 14:00:00+09'),
-- 해피독: 2/3 진행중
('b0b0b0b0-0002-4000-a000-000000000002', '[{"topic_id":"55555555-0001-4000-a000-000000000001","completed_at":"2026-02-10T11:00:00+09:00"},{"topic_id":"55555555-0002-4000-a000-000000000002","completed_at":"2026-02-12T16:00:00+09:00"}]', 3, 2, 66.7, '진행중', NULL, false, false, '2026-02-10 11:00:00+09'),
-- 꼬미네: 미시작
('b0b0b0b0-0003-4000-a000-000000000003', '[]', 3, 0, 0, '미시작', NULL, false, false, '2026-02-05 14:00:00+09');

-- ============================================================
-- STEP 17: 체크리스트 — checklists
-- ============================================================
INSERT INTO checklists (id, version_number, apply_status, item_count, created_by, created_at) VALUES
('66666666-0001-4000-a000-000000000001', 1, '미적용', 5, '최고관리자', '2026-01-15 09:00:00+09'),
('66666666-0002-4000-a000-000000000002', 2, '현재 적용중', 6, '최고관리자', '2026-02-20 14:00:00+09');

-- ============================================================
-- STEP 18: 체크리스트 항목 — checklist_items
-- ============================================================
INSERT INTO checklist_items (checklist_id, display_order, content, is_active, created_at) VALUES
('66666666-0002-4000-a000-000000000002', 1, '돌봄 공간의 안전 점검을 완료했나요? (위험 물건 정리, 안전장치 확인)', true, '2026-02-20 14:00:00+09'),
('66666666-0002-4000-a000-000000000002', 2, '반려견 식수와 사료를 충분히 준비했나요?', true, '2026-02-20 14:01:00+09'),
('66666666-0002-4000-a000-000000000002', 3, '비상 연락처(보호자, 동물병원)를 확인했나요?', true, '2026-02-20 14:02:00+09'),
('66666666-0002-4000-a000-000000000002', 4, '반려견의 건강 상태(예방접종, 알러지 등)를 확인했나요?', true, '2026-02-20 14:03:00+09'),
('66666666-0002-4000-a000-000000000002', 5, 'CCTV 또는 모니터링 장비가 정상 작동하나요?', true, '2026-02-20 14:04:00+09'),
('66666666-0002-4000-a000-000000000002', 6, '돌봄 일지 작성 준비가 되어 있나요?', true, '2026-02-20 14:05:00+09');

-- ============================================================
-- STEP 19: 서약서 — pledges
-- ============================================================
INSERT INTO pledges (id, version_number, apply_status, title, body_content, item_count, created_by, created_at) VALUES
('77777777-0001-4000-a000-000000000001', 1, '현재 적용중', '우유펫 유치원 파트너 활동 서약서', '본인은 우유펫 플랫폼을 통해 반려동물 돌봄 서비스를 제공함에 있어, 아래의 서약 항목을 성실히 이행할 것을 서약합니다.', 3, '최고관리자', '2026-01-20 10:00:00+09');

-- ============================================================
-- STEP 20: 서약서 항목 — pledge_items
-- ============================================================
INSERT INTO pledge_items (pledge_id, display_order, content, sub_items, created_at) VALUES
('77777777-0001-4000-a000-000000000001', 1, '반려동물의 안전과 건강을 최우선으로 합니다', '["돌봄 중 반려동물의 안전사고 예방에 최선을 다합니다","이상 증상 발견 시 즉시 보호자에게 알리고 적절한 조치를 취합니다"]', '2026-01-20 10:00:00+09'),
('77777777-0001-4000-a000-000000000001', 2, '깨끗하고 위생적인 돌봄 환경을 유지합니다', '["돌봄 공간을 매일 청소하고 소독합니다","반려동물 용품을 주기적으로 세척합니다"]', '2026-01-20 10:01:00+09'),
('77777777-0001-4000-a000-000000000001', 3, '보호자와의 신뢰를 바탕으로 투명하게 소통합니다', '["돌봄 중 사진과 영상을 정기적으로 공유합니다","문제 발생 시 즉시 솔직하게 알립니다","보호자의 요청사항을 최대한 반영합니다"]', '2026-01-20 10:02:00+09');

-- ============================================================
-- STEP 21: 배너 — banners
-- ============================================================
-- id: uuid, title, image_url, link_type('외부 URL'/'앱 내 화면'), link_url,
-- display_position, display_order(int), start_date(date), end_date(date),
-- visibility('노출중'/'예정'/'종료'/'비공개'), created_at, updated_at

INSERT INTO banners (title, image_url, link_type, link_url, display_position, display_order, start_date, end_date, visibility, created_at) VALUES
('봄맞이 돌봄 할인 이벤트', 'https://storage.wooyoopet.com/banners/spring_event.png', '외부 URL', 'https://wooyoopet.com/event/spring2026', '홈 상단', 1, '2026-03-01', '2026-03-31', '노출중', '2026-02-25 10:00:00+09'),
('우유펫 신규 가입 혜택', 'https://storage.wooyoopet.com/banners/welcome.png', '앱 내 화면', '/signup-benefit', '홈 상단', 2, '2026-01-01', '2026-12-31', '노출중', '2026-01-01 00:00:00+09'),
('안전한 돌봄 가이드', 'https://storage.wooyoopet.com/banners/safety_guide.png', '외부 URL', 'https://wooyoopet.com/guide/safety', '홈 중간', 1, '2026-02-01', '2026-02-28', '종료', '2026-01-25 14:00:00+09');

-- ============================================================
-- STEP 22: 공지사항 — notices
-- ============================================================
-- id: uuid, title, target('전체'/'보호자'/'유치원'), is_pinned(bool),
-- visibility('공개'/'비공개'), content, attachment_urls(jsonb),
-- view_count(int), push_sent(bool), created_at, updated_at

INSERT INTO notices (title, target, is_pinned, visibility, content, attachment_urls, view_count, push_sent, created_at) VALUES
('우유펫 서비스 이용약관 개정 안내', '전체', true, '공개', '안녕하세요, 우유펫입니다.\n\n2026년 4월 1일부터 서비스 이용약관이 개정됩니다.\n주요 변경 사항:\n1. 환불 규정 세분화\n2. 노쇼 제재 기준 강화\n3. 개인정보 처리 방침 업데이트\n\n자세한 내용은 약관 페이지에서 확인해주세요.', '[]', 342, true, '2026-03-15 09:00:00+09'),
('봄맞이 돌봄 이벤트 안내', '보호자', false, '공개', '따뜻한 봄을 맞아 우유펫에서 특별 이벤트를 준비했습니다!\n\n이벤트 기간: 3/1 ~ 3/31\n첫 돌봄 예약 시 10% 할인\n\n많은 참여 부탁드립니다!', '[]', 156, false, '2026-03-01 10:00:00+09'),
('유치원 파트너 교육 안내', '유치원', false, '공개', '안녕하세요, 유치원 파트너 여러분.\n\n새로운 교육 주제가 추가되었습니다.\n교육관리 메뉴에서 확인하시고, 기한 내 이수를 완료해주세요.', '[]', 28, false, '2026-02-10 11:00:00+09');

-- ============================================================
-- STEP 23: FAQ — faqs
-- ============================================================
-- id: uuid, category('결제'/'돌봄'/'환불'/'회원'/'유치원'), question, answer,
-- target('전체'/'보호자'/'유치원'), display_order(int),
-- visibility('공개'/'비공개'), created_at, updated_at

INSERT INTO faqs (category, question, answer, target, display_order, visibility, created_at) VALUES
('결제', '결제는 어떤 수단으로 할 수 있나요?', '우유펫에서는 신용카드, 체크카드, 간편결제(카카오페이, 네이버페이)를 지원합니다.', '전체', 1, '공개', '2026-01-15 10:00:00+09'),
('환불', '예약 취소 시 환불 규정은 어떻게 되나요?', '등원 72시간 이상 전 취소: 전액 환불\n등원 24~72시간 전 취소: 50% 환불 (50% 위약금)\n등원 24시간 미만 전 취소: 환불 불가 (100% 위약금)\n\n단, 결제 후 1시간 이내 취소 시 전액 환불됩니다.', '전체', 1, '공개', '2026-01-15 10:05:00+09'),
('돌봄', '돌봄 중 문제가 발생하면 어떻게 하나요?', '돌봄 중 반려동물에게 이상이 발견되면 유치원에서 즉시 보호자님께 연락드립니다.', '보호자', 1, '공개', '2026-01-15 10:10:00+09'),
('회원', '회원 탈퇴는 어떻게 하나요?', '앱 > 설정 > 회원 탈퇴에서 진행할 수 있습니다. 탈퇴 후 30일간 데이터가 보관됩니다.', '전체', 1, '공개', '2026-01-15 10:15:00+09'),
('유치원', '유치원 등록은 어떻게 하나요?', '우유펫 앱에서 유치원 모드로 전환 후, 유치원 정보를 등록하시면 됩니다.', '유치원', 1, '공개', '2026-01-15 10:20:00+09');

-- ============================================================
-- STEP 24: 약관 — terms
-- ============================================================
-- id: uuid, title, is_required(bool), current_version, effective_date(date),
-- visibility('공개'/'비공개'), content, created_at, updated_at

INSERT INTO terms (id, title, is_required, current_version, effective_date, visibility, created_at) VALUES
('88888888-0001-4000-a000-000000000001', '서비스 이용약관', true, 'v1.1', '2026-01-01', '공개', '2025-12-01 10:00:00+09'),
('88888888-0002-4000-a000-000000000002', '개인정보 수집·이용 동의서', true, 'v1.0', '2026-01-01', '공개', '2025-12-01 10:05:00+09'),
('88888888-0003-4000-a000-000000000003', '위치기반서비스 이용 약관', true, 'v1.0', '2026-01-01', '공개', '2025-12-01 10:10:00+09'),
('88888888-0004-4000-a000-000000000004', '마케팅 정보 수신동의', false, 'v1.0', '2026-01-01', '공개', '2025-12-01 10:15:00+09');

-- ============================================================
-- STEP 25: 약관 버전 — term_versions
-- ============================================================
-- id: uuid, term_id(FK), version_number, effective_date(date), end_date(date),
-- change_reason, content, created_at

INSERT INTO term_versions (id, term_id, version_number, effective_date, end_date, change_reason, content, created_at) VALUES
('99999999-0001-4000-a000-000000000001', '88888888-0001-4000-a000-000000000001', 'v1.0', '2025-12-01', '2025-12-31', NULL, '제1조 (목적) 본 약관은 우유펫 서비스 이용에 관한 기본적인 사항을 규정합니다...', '2025-12-01 10:00:00+09'),
('99999999-0002-4000-a000-000000000002', '88888888-0001-4000-a000-000000000001', 'v1.1', '2026-01-01', NULL, '환불 규정 세분화 및 노쇼 제재 기준 추가', '제1조 (목적) 본 약관은 우유펫 서비스 이용에 관한 기본적인 사항을 규정합니다...\n\n[개정사항] 환불 규정 세분화, 노쇼 제재 기준 추가', '2026-01-01 00:00:00+09'),
('99999999-0003-4000-a000-000000000003', '88888888-0002-4000-a000-000000000002', 'v1.0', '2026-01-01', NULL, NULL, '우유펫은 개인정보 보호법에 따라 이용자의 개인정보 보호 및 권익을 보호하고...', '2025-12-01 10:05:00+09');

-- ============================================================
-- STEP 26: 약관 동의 — member_term_agreements
-- ============================================================
-- id: uuid, member_id(FK), term_title, is_required(bool), is_agreed(bool),
-- agreed_at, created_at

INSERT INTO member_term_agreements (member_id, term_title, is_required, is_agreed, agreed_at, created_at) VALUES
('d0d0d0d0-0001-4000-a000-000000000001', '서비스 이용약관', true, true, '2026-01-15 09:30:00+09', '2026-01-15 09:30:00+09'),
('d0d0d0d0-0001-4000-a000-000000000001', '개인정보 수집·이용 동의서', true, true, '2026-01-15 09:30:00+09', '2026-01-15 09:30:00+09'),
('d0d0d0d0-0001-4000-a000-000000000001', '마케팅 정보 수신동의', false, true, '2026-01-15 09:30:00+09', '2026-01-15 09:30:00+09'),
('d0d0d0d0-0002-4000-a000-000000000002', '서비스 이용약관', true, true, '2026-01-16 10:00:00+09', '2026-01-16 10:00:00+09'),
('d0d0d0d0-0002-4000-a000-000000000002', '개인정보 수집·이용 동의서', true, true, '2026-01-16 10:00:00+09', '2026-01-16 10:00:00+09'),
('d0d0d0d0-0003-4000-a000-000000000003', '서비스 이용약관', true, true, '2026-02-01 08:30:00+09', '2026-02-01 08:30:00+09'),
('d0d0d0d0-0003-4000-a000-000000000003', '개인정보 수집·이용 동의서', true, true, '2026-02-01 08:30:00+09', '2026-02-01 08:30:00+09');

-- ============================================================
-- STEP 27: 피드백 — feedbacks
-- ============================================================
-- id: uuid, member_id(FK), feedback_type('의견제출'/'탈퇴사유'),
-- writer_name, writer_nickname, writer_type('보호자'/'유치원'), writer_phone,
-- title, content, image_urls(jsonb),
-- withdrawal_category, withdrawal_detail, withdrawn_at,
-- is_confirmed(bool), confirmed_at, admin_memo,
-- written_at, created_at, updated_at

INSERT INTO feedbacks (member_id, feedback_type, writer_name, writer_nickname, writer_type, writer_phone, title, content, image_urls, withdrawal_category, withdrawal_detail, withdrawn_at, is_confirmed, confirmed_at, admin_memo, written_at, created_at) VALUES
('d0d0d0d0-0001-4000-a000-000000000001', '의견제출', '김민준', '강아지사랑꾼', '보호자', '01012345678', '유치원 검색 기능 개선 요청', '현재 위치 기반 검색 시 거리순 정렬이 되면 좋겠습니다.', '[]', NULL, NULL, NULL, true, '2026-03-20 10:00:00+09', '검토 완료. 2분기 업데이트에 반영 예정', '2026-03-18 15:00:00+09', '2026-03-18 15:00:00+09'),
('d0d0d0d0-0005-4000-a000-000000000005', '탈퇴사유', '정태영', '댕댕파파', '보호자', '01056789012', NULL, '서비스를 더 이상 이용하지 않게 되었습니다.', '[]', '다른 서비스 이용', '다른 펫시팅 앱을 사용하게 되었습니다.', '2026-03-20 00:00:00+09', false, NULL, NULL, '2026-03-20 00:00:00+09', '2026-03-20 00:00:00+09'),
('d0d0d0d0-0008-4000-a000-000000000008', '의견제출', '윤미래', '꼬미네원장', '유치원', '01089012345', '정산 주기 변경 요청', '현재 월 1회 정산에서 주 1회 정산으로 변경해주시면 도움이 됩니다.', '[]', NULL, NULL, NULL, false, NULL, NULL, '2026-03-22 11:00:00+09', '2026-03-22 11:00:00+09');

-- ============================================================
-- STEP 28: 감사 로그 — audit_logs
-- ============================================================
-- id: uuid, admin_id(uuid), admin_name, action, target_type, target_id(uuid),
-- detail(jsonb), ip_address, created_at

INSERT INTO audit_logs (admin_id, admin_name, action, target_type, target_id, detail, ip_address, created_at) VALUES
('a0a0a0a0-0001-4000-a000-000000000001', '최고관리자', '로그인', 'admin_accounts', 'a0a0a0a0-0001-4000-a000-000000000001', '{"event":"관리자 로그인 성공"}', '192.168.1.100', '2026-03-25 09:00:00+09'),
('a0a0a0a0-0001-4000-a000-000000000001', '최고관리자', '상태변경', 'members', 'd0d0d0d0-0004-4000-a000-000000000004', '{"event":"회원 이용정지 처리","reason":"부적절한 행동 반복"}', '192.168.1.100', '2026-03-20 14:00:00+09'),
('a0a0a0a0-0001-4000-a000-000000000001', '최고관리자', '개인정보조회', 'members', 'd0d0d0d0-0001-4000-a000-000000000001', '{"event":"회원 휴대폰번호 전체보기"}', '192.168.1.100', '2026-03-22 10:30:00+09'),
('a0a0a0a0-0002-4000-a000-000000000002', '김운영', '로그인', 'admin_accounts', 'a0a0a0a0-0002-4000-a000-000000000002', '{"event":"관리자 로그인 성공"}', '192.168.1.101', '2026-03-24 14:00:00+09'),
('a0a0a0a0-0001-4000-a000-000000000001', '최고관리자', '정산처리', 'settlements', '33333333-0001-4000-a000-000000000001', '{"event":"정산 완료 처리"}', '192.168.1.100', '2026-03-17 10:00:00+09');

-- ============================================================
-- STEP 29: 관리자 로그인 로그 — admin_login_logs
-- ============================================================
INSERT INTO admin_login_logs (admin_id, login_at, ip_address, result, created_at) VALUES
('a0a0a0a0-0001-4000-a000-000000000001', '2026-03-25 09:00:00+09', '192.168.1.100', '성공', '2026-03-25 09:00:00+09'),
('a0a0a0a0-0002-4000-a000-000000000002', '2026-03-24 14:00:00+09', '192.168.1.101', '성공', '2026-03-24 14:00:00+09'),
('a0a0a0a0-0003-4000-a000-000000000003', '2026-03-20 10:00:00+09', '192.168.1.102', '실패', '2026-03-20 10:00:00+09');

-- ============================================================
-- STEP 30: 노쇼 기록 — noshow_records
-- ============================================================
-- id: uuid, member_id(FK), reservation_id(FK), counterpart_name,
-- role('보호자'/'유치원'), sanction_type, appeal_status('미소명'/'소명접수'/'소명인정'/'소명거부'),
-- appeal_content, appeal_doc_urls(text[]), occurred_at, created_at

INSERT INTO noshow_records (member_id, reservation_id, counterpart_name, role, sanction_type, appeal_status, appeal_content, appeal_doc_urls, occurred_at, created_at) VALUES
('d0d0d0d0-0003-4000-a000-000000000003', 'e0e0e0e0-0007-4000-a000-000000000007', '꼬미네', '보호자', '7일 예약제한', '미소명', NULL, NULL, '2026-03-05 10:00:00+09', '2026-03-05 10:00:00+09'),
('d0d0d0d0-0008-4000-a000-000000000008', 'e0e0e0e0-0007-4000-a000-000000000007', '박준혁', '유치원', '경고(신선도하락)', '소명접수', '교통사고로 인해 보호자가 오지 못한 것입니다', '{}', '2026-03-05 10:00:00+09', '2026-03-05 10:00:00+09');

-- ============================================================
-- STEP 31: 회원 차단 — member_blocks
-- ============================================================
INSERT INTO member_blocks (blocker_id, blocked_id, blocked_at, unblocked_at) VALUES
('d0d0d0d0-0004-4000-a000-000000000004', 'd0d0d0d0-0006-4000-a000-000000000006', '2026-03-18 10:00:00+09', NULL),
('d0d0d0d0-0001-4000-a000-000000000001', 'd0d0d0d0-0008-4000-a000-000000000008', '2026-03-01 15:00:00+09', '2026-03-10 09:00:00+09');

-- ============================================================
-- STEP 32: 회원 상태 변경 로그 — member_status_logs
-- ============================================================
-- id: uuid, member_id(FK), prev_status, new_status, changed_by, note, created_at

INSERT INTO member_status_logs (member_id, prev_status, new_status, changed_by, note, created_at) VALUES
('d0d0d0d0-0004-4000-a000-000000000004', '정상', '이용정지', '최고관리자', '부적절한 행동 반복으로 인한 이용정지', '2026-03-20 14:00:00+09'),
('d0d0d0d0-0005-4000-a000-000000000005', '정상', '탈퇴', '정태영', '회원 본인 요청에 의한 탈퇴', '2026-03-20 00:00:00+09'),
('d0d0d0d0-0002-4000-a000-000000000002', '정상', '정상', '시스템(자동)', '노쇼 1회 발생: 7일 예약제한 적용', '2026-03-05 10:00:00+09');

-- ============================================================
-- STEP 33: 예약 상태 변경 로그 — reservation_status_logs
-- ============================================================
-- id: uuid, reservation_id(FK), prev_status, new_status, changed_by, note, created_at

INSERT INTO reservation_status_logs (reservation_id, prev_status, new_status, changed_by, note, created_at) VALUES
('e0e0e0e0-0001-4000-a000-000000000001', '수락대기', '예약확정', '밤톨이네', '유치원 수락', '2026-03-09 10:00:00+09'),
('e0e0e0e0-0001-4000-a000-000000000001', '예약확정', '돌봄진행중', '시스템(자동)', '등원 확인', '2026-03-10 09:05:00+09'),
('e0e0e0e0-0001-4000-a000-000000000001', '돌봄진행중', '돌봄완료', '시스템(자동)', '하원 확인 완료', '2026-03-10 17:55:00+09'),
('e0e0e0e0-0005-4000-a000-000000000005', '수락대기', '보호자취소', '이서연', '개인 사정으로 취소', '2026-03-12 10:00:00+09'),
('e0e0e0e0-0006-4000-a000-000000000006', '수락대기', '유치원거절', '밤톨이네', '합사 어려움', '2026-03-18 11:00:00+09'),
('e0e0e0e0-0007-4000-a000-000000000007', '예약확정', '노쇼', '시스템(자동)', '등원시간 30분 경과, 연락 없음', '2026-03-05 09:30:00+09'),
-- 예약 #4 상태 변경 로그 (수락대기→예약확정→보호자취소)
('e0e0e0e0-0004-4000-a000-000000000004', '수락대기', '예약확정', '해피독', '유치원 수락', '2026-03-25 20:00:00+09'),
('e0e0e0e0-0004-4000-a000-000000000004', '예약확정', '보호자취소', '박준혁', '보호자 취소 (위약금 50%)', '2026-03-26 10:00:00+09');

-- ============================================================
-- STEP 34: 정산정보 변경 로그 — settlement_info_logs
-- ============================================================
-- id: uuid, settlement_info_id(FK), prev_status, new_status,
-- processor(default '시스템'), note, created_at

INSERT INTO settlement_info_logs (settlement_info_id, prev_status, new_status, processor, note, created_at) VALUES
('22222222-0001-4000-a000-000000000001', '요청중', '완료', '시스템', '이니시스 서브몰 등록 완료', '2026-01-17 14:00:00+09'),
('22222222-0002-4000-a000-000000000002', '요청중', '완료', '시스템', '이니시스 서브몰 등록 완료', '2026-01-18 15:00:00+09');

-- ============================================================
-- STEP 35: 유치원 상태 변경 로그 — kindergarten_status_logs
-- ============================================================
-- id: uuid, kindergarten_id(FK), changed_field, prev_value, new_value,
-- changed_by, note, created_at

INSERT INTO kindergarten_status_logs (kindergarten_id, changed_field, prev_value, new_value, changed_by, note, created_at) VALUES
('b0b0b0b0-0003-4000-a000-000000000003', '영업상태', '영업중', '방학중', '꼬미네', '개인 사정으로 방학', '2026-03-01 09:00:00+09'),
('b0b0b0b0-0003-4000-a000-000000000003', '신선도', '100.0', '95.0', '시스템(자동)', '노쇼 발생으로 인한 신선도 하락', '2026-03-05 10:00:00+09'),
('b0b0b0b0-0001-4000-a000-000000000001', '교육이수', '진행중', '완료', '시스템(자동)', '전체 교육 이수 완료', '2026-02-05 10:00:00+09');

-- ============================================================
-- STEP 36: 설정 변경 로그 — setting_change_logs
-- ============================================================
-- id: uuid, category, setting_key, prev_value, new_value,
-- change_reason, changed_by, created_at

INSERT INTO setting_change_logs (category, setting_key, prev_value, new_value, change_reason, changed_by, created_at) VALUES
('수수료 설정', 'commission_rate', '15', '20', '사업 모델 조정에 따른 수수료율 변경', '최고관리자', '2026-01-01 00:00:00+09'),
('환불 규정 설정', 'refund_rule_1_rate', '100', '100', '환불 규정 초기 설정', '최고관리자', '2026-01-01 00:00:00+09');

-- ============================================================
-- STEP 37: 신고 처리 로그 — report_logs
-- ============================================================
-- id: uuid, report_id(FK→reports), prev_status, new_status,
-- processed_by, note, created_at
-- ※ reports 테이블에 id를 직접 지정하지 않았으므로, 서브쿼리로 참조

INSERT INTO report_logs (report_id, prev_status, new_status, processed_by, note, created_at)
SELECT r.id, '접수', '처리완료', '최고관리자', '확인 결과 경고 조치', '2026-03-19 10:00:00+09'
FROM reports r WHERE r.reason_category = '부적절한 언어' LIMIT 1;

-- ============================================================
-- 완료 메시지
-- ============================================================
DO $$
BEGIN
  RAISE NOTICE '========================================';
  RAISE NOTICE 'SQL 10: 테스트 데이터 삽입 완료!';
  RAISE NOTICE '========================================';
  RAISE NOTICE '삽입된 테이블:';
  RAISE NOTICE '  핵심: members(8), kindergartens(3), pets(8), reservations(10)';
  RAISE NOTICE '  핵심: payments(12=돌봄11+위약금1), refunds(5), settlement_infos(3), settlements(4)';
  RAISE NOTICE '  부가: admin_accounts(3), admin_login_logs(3)';
  RAISE NOTICE '  부가: chat_rooms(6), chat_room_reservations(5), chat_messages(10)';
  RAISE NOTICE '  부가: guardian_reviews(3), kindergarten_reviews(3), reports(2)';
  RAISE NOTICE '  부가: education_topics(3), education_quizzes(3), education_completions(3)';
  RAISE NOTICE '  부가: checklists(2), checklist_items(6), pledges(1), pledge_items(3)';
  RAISE NOTICE '  부가: kindergarten_resident_pets(3)';
  RAISE NOTICE '  부가: banners(3), notices(3), faqs(5), terms(4), term_versions(3)';
  RAISE NOTICE '  부가: member_term_agreements(7), feedbacks(3), audit_logs(5)';
  RAISE NOTICE '  부가: noshow_records(2), member_blocks(2), member_status_logs(3)';
  RAISE NOTICE '  부가: reservation_status_logs(8), settlement_info_logs(2)';
  RAISE NOTICE '  부가: kindergarten_status_logs(3), setting_change_logs(2)';
  RAISE NOTICE '  부가: report_logs(1)';
  RAISE NOTICE '========================================';
END $$;
